{
  "profile": "full",
  "config_source": "/private/tmp/starrage_focus_high_mutation.json",
  "assumptions_hash": "97d96fe74fd2508b482c1dc2709aa3ecdcc8fff480e06677f5121d51ffc80df5",
  "thresholds": {
    "viability_threshold": 0.85,
    "fucci_threshold": 2.0,
    "fucci_leakage_cap": 0.45,
    "washout_r2_floor": 0.9,
    "synergy_stability_min": 0.55
  },
  "condition_summary": [
    {
      "tissue": "blood_cd34",
      "donor_age": 25,
      "amplification": 3.071428571428571,
      "cyclin_throttle": 0.2,
      "mutation_reduction_mean": 2.4174177217919484,
      "mutation_reduction_median": 2.4183382343294078,
      "mutation_reduction_std": 0.05035844023616645,
      "mutation_reduction_n": 3000,
      "mutation_reduction_ci_low": 2.3169472526313597,
      "mutation_reduction_ci_high": 2.513496658484504,
      "viability_mean": 0.6962555491005331,
      "viability_median": 0.6962023389398275,
      "viability_std": 0.014918927597972307,
      "viability_n": 3000,
      "viability_ci_low": 0.6673312341375186,
      "viability_ci_high": 0.72517135924994,
      "sphase_fold_mean": 9.538837062979152,
      "sphase_fold_median": 9.532942449947464,
      "sphase_fold_std": 0.3332844706807305,
      "sphase_fold_n": 3000,
      "sphase_fold_ci_low": 8.907154445822286,
      "sphase_fold_ci_high": 10.208022506748021,
      "leakage_mean": 0.3400133071938185,
      "leakage_median": 0.33999890188584925,
      "leakage_std": 0.0019833792996090485,
      "leakage_n": 3000,
      "leakage_ci_low": 0.33618554549894025,
      "leakage_ci_high": 0.34391184285785065
    },
    {
      "tissue": "blood_cd34",
      "donor_age": 40,
      "amplification": 3.071428571428571,
      "cyclin_throttle": 0.2,
      "mutation_reduction_mean": 2.5254620342122585,
      "mutation_reduction_median": 2.5267561139389154,
      "mutation_reduction_std": 0.05434055192520534,
      "mutation_reduction_n": 3000,
      "mutation_reduction_ci_low": 2.410188072826639,
      "mutation_reduction_ci_high": 2.6262207546468264,
      "viability_mean": 0.6960417080617981,
      "viability_median": 0.6958438783498349,
      "viability_std": 0.015073774312085692,
      "viability_n": 3000,
      "viability_ci_low": 0.666454233868135,
      "viability_ci_high": 0.7263603877237934,
      "sphase_fold_mean": 9.543251407675115,
      "sphase_fold_median": 9.535538659495213,
      "sphase_fold_std": 0.329678758642383,
      "sphase_fold_n": 3000,
      "sphase_fold_ci_low": 8.911544682671547,
      "sphase_fold_ci_high": 10.190933821031944,
      "leakage_mean": 0.33997212096971485,
      "leakage_median": 0.3399959852403962,
      "leakage_std": 0.002011046444059464,
      "leakage_n": 3000,
      "leakage_ci_low": 0.3360099810088375,
      "leakage_ci_high": 0.3439508500259626
    },
    {
      "tissue": "blood_cd34",
      "donor_age": 60,
      "amplification": 3.071428571428571,
      "cyclin_throttle": 0.2,
      "mutation_reduction_mean": 2.6583757312324314,
      "mutation_reduction_median": 2.6590124514782483,
      "mutation_reduction_std": 0.058939049736981226,
      "mutation_reduction_n": 3000,
      "mutation_reduction_ci_low": 2.54242275994067,
      "mutation_reduction_ci_high": 2.770870804578442,
      "viability_mean": 0.6964374395916437,
      "viability_median": 0.6968823192523188,
      "viability_std": 0.015080390799846079,
      "viability_n": 3000,
      "viability_ci_low": 0.6667701226572212,
      "viability_ci_high": 0.7250000197654456,
      "sphase_fold_mean": 9.544420081499096,
      "sphase_fold_median": 9.544042537319655,
      "sphase_fold_std": 0.33347000930395604,
      "sphase_fold_n": 3000,
      "sphase_fold_ci_low": 8.89018708216213,
      "sphase_fold_ci_high": 10.203255916298405,
      "leakage_mean": 0.3399798799250253,
      "leakage_median": 0.3399214190106821,
      "leakage_std": 0.001978702256394096,
      "leakage_n": 3000,
      "leakage_ci_low": 0.3362447337414213,
      "leakage_ci_high": 0.3440920920630708
    },
    {
      "tissue": "gut_lgr5",
      "donor_age": 25,
      "amplification": 3.071428571428571,
      "cyclin_throttle": 0.2,
      "mutation_reduction_mean": 2.200682020112901,
      "mutation_reduction_median": 2.2026448830301213,
      "mutation_reduction_std": 0.05991993226916813,
      "mutation_reduction_n": 3000,
      "mutation_reduction_ci_low": 2.0814957836506114,
      "mutation_reduction_ci_high": 2.31167208534193,
      "viability_mean": 0.6356908539120477,
      "viability_median": 0.635715376023432,
      "viability_std": 0.014846603717404204,
      "viability_n": 3000,
      "viability_ci_low": 0.6061655827532828,
      "viability_ci_high": 0.6656463201896746,
      "sphase_fold_mean": 8.691120653077101,
      "sphase_fold_median": 8.697732984882677,
      "sphase_fold_std": 0.36373931442936813,
      "sphase_fold_n": 3000,
      "sphase_fold_ci_low": 7.957160920319638,
      "sphase_fold_ci_high": 9.380337744558698,
      "leakage_mean": 0.33999204054124904,
      "leakage_median": 0.3400007865216703,
      "leakage_std": 0.0019808187507269134,
      "leakage_n": 3000,
      "leakage_ci_low": 0.33620415720920777,
      "leakage_ci_high": 0.34401149752308613
    },
    {
      "tissue": "gut_lgr5",
      "donor_age": 40,
      "amplification": 3.071428571428571,
      "cyclin_throttle": 0.2,
      "mutation_reduction_mean": 2.2935056917039205,
      "mutation_reduction_median": 2.2957247759212374,
      "mutation_reduction_std": 0.06482502175873923,
      "mutation_reduction_n": 3000,
      "mutation_reduction_ci_low": 2.1631526798748335,
      "mutation_reduction_ci_high": 2.4149250583160082,
      "viability_mean": 0.636257808682275,
      "viability_median": 0.6365176689471186,
      "viability_std": 0.01478775051283215,
      "viability_n": 3000,
      "viability_ci_low": 0.6076454291992438,
      "viability_ci_high": 0.6648097540664923,
      "sphase_fold_mean": 8.698819410659462,
      "sphase_fold_median": 8.696290785284639,
      "sphase_fold_std": 0.3653409869059656,
      "sphase_fold_n": 3000,
      "sphase_fold_ci_low": 7.999792618574535,
      "sphase_fold_ci_high": 9.428198932604237,
      "leakage_mean": 0.3399618797249802,
      "leakage_median": 0.3400247789052447,
      "leakage_std": 0.0020205222787703,
      "leakage_n": 3000,
      "leakage_ci_low": 0.3359442136478368,
      "leakage_ci_high": 0.3438255564873371
    },
    {
      "tissue": "gut_lgr5",
      "donor_age": 60,
      "amplification": 3.071428571428571,
      "cyclin_throttle": 0.2,
      "mutation_reduction_mean": 2.3857270454828075,
      "mutation_reduction_median": 2.3873760797332393,
      "mutation_reduction_std": 0.06916560073945471,
      "mutation_reduction_n": 3000,
      "mutation_reduction_ci_low": 2.243787910260791,
      "mutation_reduction_ci_high": 2.518365901372574,
      "viability_mean": 0.6356888520825051,
      "viability_median": 0.6357081072091906,
      "viability_std": 0.015161917578368914,
      "viability_n": 3000,
      "viability_ci_low": 0.6056942911682615,
      "viability_ci_high": 0.6650547161193222,
      "sphase_fold_mean": 8.691141286356148,
      "sphase_fold_median": 8.689955249561342,
      "sphase_fold_std": 0.3606778956443256,
      "sphase_fold_n": 3000,
      "sphase_fold_ci_low": 7.999188265915225,
      "sphase_fold_ci_high": 9.399850682228548,
      "leakage_mean": 0.3399796392892179,
      "leakage_median": 0.339942202812153,
      "leakage_std": 0.0020242588564288603,
      "leakage_n": 3000,
      "leakage_ci_low": 0.33604579763518305,
      "leakage_ci_high": 0.3439879283271192
    },
    {
      "tissue": "skin_stem",
      "donor_age": 25,
      "amplification": 3.071428571428571,
      "cyclin_throttle": 0.2,
      "mutation_reduction_mean": 2.282769470322153,
      "mutation_reduction_median": 2.2833062530199646,
      "mutation_reduction_std": 0.04408053355613215,
      "mutation_reduction_n": 3000,
      "mutation_reduction_ci_low": 2.1971270589600698,