{
  "milestones": {
    "mutation": {
      "pass": false,
      "estimate": null,
      "ci": null,
      "evidence": []
    },
    "fucci": {
      "pass": true,
      "estimate": 9.349048419419585,
      "ci": [
        8.168407380962636,
        10.32671699482894
      ],
      "evidence": [
        {
          "amplification": 3.071428571428571,
          "cyclin_throttle": 0.2,
          "mutation_reduction_mean": 2.4078745955619296,
          "mutation_reduction_median": 2.4047997975033706,
          "mutation_reduction_std": 0.1438108460033595,
          "mutation_reduction_n": 27000,
          "mutation_reduction_ci_low": 2.151343540689164,
          "mutation_reduction_ci_high": 2.703793767423197,
          "viability_mean": 0.666842317793572,
          "viability_median": 0.6679223802404867,
          "viability_std": 0.028847735468393802,
          "viability_n": 27000,
          "viability_ci_low": 0.6142454825634982,
          "viability_ci_high": 0.7179477022526812,
          "sphase_fold_mean": 9.349048419419585,
          "sphase_fold_median": 9.445963035531216,
          "sphase_fold_std": 0.5866634738560359,
          "sphase_fold_n": 27000,
          "sphase_fold_ci_low": 8.168407380962636,
          "sphase_fold_ci_high": 10.32671699482894,
          "leakage_mean": 0.3400011801055744,
          "leakage_median": 0.3400002329519519,
          "leakage_std": 0.002008365809926008,
          "leakage_n": 27000,
          "leakage_ci_low": 0.33607351804101193,
          "leakage_ci_high": 0.3439732526049575
        }
      ]
    },
    "washout": {
      "pass": false,
      "estimate": null,
      "ci": null,
      "evidence": {
        "passed_rows": [
          {
            "tissue": "gut_lgr5",
            "mark": "on",
            "half_life_mean": 66.44725015724222,
            "half_life_ci_low": 50.29115095822385,
            "half_life_ci_high": 90.66628000609326,
            "half_life_std": 10.314382392226456,
            "r2_mean": 0.9154533170780657,
            "finite_fraction": 1.0
          }
        ],
        "failed_rows": [
          {
            "tissue": "blood_cd34",
            "mark": "off",
            "half_life_mean": 182.5857283646132,
            "half_life_ci_low": 115.19304739358878,
            "half_life_ci_high": 323.2894309103044,
            "half_life_std": 63.52150007199016,
            "r2_mean": 0.712721663716063,
            "finite_fraction": 1.0
          },
          {
            "tissue": "blood_cd34",
            "mark": "on",
            "half_life_mean": 97.23382721355627,
            "half_life_ci_low": 71.86103079904255,
            "half_life_ci_high": 135.95309392417644,
            "half_life_std": 16.450767911530235,
            "r2_mean": 0.8888256519255003,
            "finite_fraction": 1.0
          },
          {
            "tissue": "gut_lgr5",
            "mark": "off",
            "half_life_mean": 126.23177351222431,
            "half_life_ci_low": 83.49721390702965,
            "half_life_ci_high": 207.3915342331439,
            "half_life_std": 33.583794506468315,
            "r2_mean": 0.7613157227977572,
            "finite_fraction": 1.0
          },
          {
            "tissue": "skin_stem",
            "mark": "off",
            "half_life_mean": 189.846147791491,
            "half_life_ci_low": 123.36038399551373,
            "half_life_ci_high": 315.2367023902624,
            "half_life_std": 55.58835067121585,
            "r2_mean": 0.7461057309479538,
            "finite_fraction": 1.0
          },
          {
            "tissue": "skin_stem",
            "mark": "on",
            "half_life_mean": 112.80259813978313,
            "half_life_ci_low": 82.742036826542,
            "half_life_ci_high": 160.23401249073973,
            "half_life_std": 19.646571276335106,
            "r2_mean": 0.8861844462251388,
            "finite_fraction": 1.0
          }
        ]
      }
    },
    "synergy": {
      "pass": false,
      "estimate": null,
      "ci": null,
      "evidence": {
        "has_feasible_optimum": false,
        "best_dose": null,
        "best_objective": null,
        "best_objective_ci": null,
        "bootstrap_stability": 0.0
      }
    }
  },
  "global_tranche1_verdict": false,
  "best_dose_per_tissue": {
    "blood_cd34": {
      "amplification": 3.071428571428571,
      "cyclin_throttle": 0.2,
      "mutation_reduction_mean": 2.5337518290788794,
      "mutation_reduction_ci": [
        2.344755545227708,
        2.742120507033699
      ],
      "viability_ci_low": 0.6668237570940588,
      "sphase_fold_ci_low": 8.901513959466742,
      "leakage_ci_high": 0.34397425437319556
    },
    "gut_lgr5": {
      "amplification": 3.071428571428571,
      "cyclin_throttle": 0.2,
      "mutation_reduction_mean": 2.2933049190998767,
      "mutation_reduction_ci": [
        2.1078386626176364,
        2.4824569163386925
      ],
      "viability_ci_low": 0.6063487786228959,
      "sphase_fold_ci_low": 7.98701526449948,
      "leakage_ci_high": 0.34392916107747057
    },
    "skin_stem": {
      "amplification": 3.071428571428571,
      "cyclin_throttle": 0.2,
      "mutation_reduction_mean": 2.3965670385070332,
      "mutation_reduction_ci": [
        2.2183760453612096,
        2.5751048866894424
      ],
      "viability_ci_low": 0.6397268176249993,
      "sphase_fold_ci_low": 9.177700461518606,
      "leakage_ci_high": 0.34400266074394703
    }
  },
  "assumptions_hash": "97d96fe74fd2508b482c1dc2709aa3ecdcc8fff480e06677f5121d51ffc80df5",
  "profile": "full"
}