finite_fraction,half_life_ci_high,half_life_ci_low,half_life_mean,half_life_std,mark,pct_r2_ge_floor,r2_mean,tissue
1.0,249.44993606310547,127.10852771040344,174.0637821013501,31.683981155232456,off,0.6615497076023392,0.7391414594646063,blood_cd34
1.0,123.55427195193082,75.36134015375964,96.03601509066118,12.302522558925116,on,56.458333333333336,0.9006351415883224,blood_cd34
1.0,168.9268728282221,91.2295278375443,122.3623831411909,20.052891780829498,off,2.4707602339181287,0.7838743308805988,gut_lgr5
1.0,83.06849045485734,51.9065583262161,65.56294613859633,7.968381139258828,on,83.44663742690058,0.9250959353348781,gut_lgr5
1.0,258.05558666294814,135.86577209048323,184.22062434970366,31.686941936663345,off,1.608187134502924,0.7669923197561347,skin_stem
1.0,143.3138604084501,87.30164206008405,111.16894937928008,14.248251001254408,on,53.771929824561404,0.8984034960139997,skin_stem
