{
  "milestones": {
    "mutation": {
      "pass": false,
      "estimate": null,
      "ci": null,
      "confidence_pct": 0.0,
      "threshold_margin_pct": null,
      "viability_margin_pct_at_best_mutation_dose": -21.56754815310834,
      "explanation": "High-dose settings satisfy mutation threshold, but fail viability threshold; outcome is viability-limited.",
      "evidence": {
        "passing_doses": [],
        "best_feasible_dose": null,
        "best_mutation_dose_any_viability": {
          "amplification": 3.071428571428571,
          "cyclin_throttle": 0.2,
          "mutation_reduction_mean": 2.4078745955619296,
          "mutation_reduction_median": 2.4047997975033706,
          "mutation_reduction_std": 0.1438108460033595,
          "mutation_reduction_n": 27000,
          "mutation_reduction_ci_low": 2.151343540689164,
          "mutation_reduction_ci_high": 2.703793767423197,
          "viability_mean": 0.666842317793572,
          "viability_median": 0.6679223802404867,
          "viability_std": 0.028847735468393802,
          "viability_n": 27000,
          "viability_ci_low": 0.6142454825634982,
          "viability_ci_high": 0.7179477022526812,
          "sphase_fold_mean": 9.349048419419585,
          "sphase_fold_median": 9.445963035531216,
          "sphase_fold_std": 0.5866634738560359,
          "sphase_fold_n": 27000,
          "sphase_fold_ci_low": 8.168407380962636,
          "sphase_fold_ci_high": 10.32671699482894,
          "leakage_mean": 0.3400011801055744,
          "leakage_median": 0.3400002329519519,
          "leakage_std": 0.002008365809926008,
          "leakage_n": 27000,
          "leakage_ci_low": 0.33607351804101193,
          "leakage_ci_high": 0.3439732526049575,
          "pct_mut_ge_2": 99.9888888888889,
          "pct_viability_ge_threshold": 0.0,
          "pct_joint_mutation_viability": 0.0,
          "pct_fucci_pass": 100.0,
          "pct_mut_ge_2_ci_low": 99.9673341885201,
          "pct_mut_ge_2_ci_high": 99.99622114920584,
          "pct_viability_ge_threshold_ci_low": 1.3552527156068805e-18,
          "pct_viability_ge_threshold_ci_high": 0.014225601296586374,
          "pct_joint_mutation_viability_ci_low": 1.3552527156068805e-18,
          "pct_joint_mutation_viability_ci_high": 0.014225601296586374,
          "pct_fucci_pass_ci_low": 99.98577439870343,
          "pct_fucci_pass_ci_high": 100.0,
          "mutation_reduction_hier_mean": 2.4078745955619296,
          "mutation_reduction_hier_ci_low": 2.4072148367216046,
          "mutation_reduction_hier_ci_high": 2.4084815297914175,
          "mutation_reduction_hier_n_strata": 9,
          "viability_hier_mean": 0.666842317793572,
          "viability_hier_ci_low": 0.6666758406985791,
          "viability_hier_ci_high": 0.6670351299289271,
          "viability_hier_n_strata": 9,
          "sphase_fold_hier_mean": 9.349048419419583,
          "sphase_fold_hier_ci_low": 9.3450490954668,
          "sphase_fold_hier_ci_high": 9.353727991895566,
          "sphase_fold_hier_n_strata": 9,
          "leakage_hier_mean": 0.34000118010557434,
          "leakage_hier_ci_low": 0.3399795639223215,
          "leakage_hier_ci_high": 0.34002787140785673,
          "leakage_hier_n_strata": 9
        }
      }
    },
    "fucci": {
      "pass": true,
      "estimate": 9.349048419419585,
      "ci": [
        9.3450490954668,
        9.353727991895566
      ],
      "confidence_pct": 100.0,
      "explanation": "S-phase fold and leakage meet thresholds at one or more dose pairs.",
      "evidence": {
        "passing_doses": [
          {
            "amplification": 3.071428571428571,
            "cyclin_throttle": 0.2,
            "mutation_reduction_mean": 2.4078745955619296,
            "mutation_reduction_median": 2.4047997975033706,
            "mutation_reduction_std": 0.1438108460033595,
            "mutation_reduction_n": 27000,
            "mutation_reduction_ci_low": 2.151343540689164,
            "mutation_reduction_ci_high": 2.703793767423197,
            "viability_mean": 0.666842317793572,
            "viability_median": 0.6679223802404867,
            "viability_std": 0.028847735468393802,
            "viability_n": 27000,
            "viability_ci_low": 0.6142454825634982,
            "viability_ci_high": 0.7179477022526812,
            "sphase_fold_mean": 9.349048419419585,
            "sphase_fold_median": 9.445963035531216,
            "sphase_fold_std": 0.5866634738560359,
            "sphase_fold_n": 27000,
            "sphase_fold_ci_low": 8.168407380962636,
            "sphase_fold_ci_high": 10.32671699482894,
            "leakage_mean": 0.3400011801055744,
            "leakage_median": 0.3400002329519519,
            "leakage_std": 0.002008365809926008,
            "leakage_n": 27000,
            "leakage_ci_low": 0.33607351804101193,
            "leakage_ci_high": 0.3439732526049575,
            "pct_mut_ge_2": 99.9888888888889,
            "pct_viability_ge_threshold": 0.0,
            "pct_joint_mutation_viability": 0.0,
            "pct_fucci_pass": 100.0,
            "pct_mut_ge_2_ci_low": 99.9673341885201,
            "pct_mut_ge_2_ci_high": 99.99622114920584,
            "pct_viability_ge_threshold_ci_low": 1.3552527156068805e-18,
            "pct_viability_ge_threshold_ci_high": 0.014225601296586374,
            "pct_joint_mutation_viability_ci_low": 1.3552527156068805e-18,
            "pct_joint_mutation_viability_ci_high": 0.014225601296586374,
            "pct_fucci_pass_ci_low": 99.98577439870343,
            "pct_fucci_pass_ci_high": 100.0,
            "mutation_reduction_hier_mean": 2.4078745955619296,
            "mutation_reduction_hier_ci_low": 2.4072148367216046,
            "mutation_reduction_hier_ci_high": 2.4084815297914175,
            "mutation_reduction_hier_n_strata": 9,
            "viability_hier_mean": 0.666842317793572,
            "viability_hier_ci_low": 0.6666758406985791,
            "viability_hier_ci_high": 0.6670351299289271,
            "viability_hier_n_strata": 9,
            "sphase_fold_hier_mean": 9.349048419419583,
            "sphase_fold_hier_ci_low": 9.3450490954668,
            "sphase_fold_hier_ci_high": 9.353727991895566,
            "sphase_fold_hier_n_strata": 9,
            "leakage_hier_mean": 0.34000118010557434,
            "leakage_hier_ci_low": 0.3399795639223215,
            "leakage_hier_ci_high": 0.34002787140785673,
            "leakage_hier_n_strata": 9
          }
        ],
        "best_dose_by_fucci_pass_rate": {
          "amplification": 3.071428571428571,
          "cyclin_throttle": 0.2,
          "mutation_reduction_mean": 2.4078745955619296,
          "mutation_reduction_median": 2.4047997975033706,
          "mutation_reduction_std": 0.1438108460033595,
          "mutation_reduction_n": 27000,
          "mutation_reduction_ci_low": 2.151343540689164,
          "mutation_reduction_ci_high": 2.703793767423197,
          "viability_mean": 0.666842317793572,
          "viability_median": 0.6679223802404867,
          "viability_std": 0.028847735468393802,
          "viability_n": 27000,
          "viability_ci_low": 0.6142454825634982,
          "viability_ci_high": 0.7179477022526812,
          "sphase_fold_mean": 9.349048419419585,
          "sphase_fold_median": 9.445963035531216,
          "sphase_fold_std": 0.5866634738560359,
          "sphase_fold_n": 27000,
          "sphase_fold_ci_low": 8.168407380962636,
          "sphase_fold_ci_high": 10.32671699482894,
          "leakage_mean": 0.3400011801055744,
          "leakage_median": 0.3400002329519519,
          "leakage_std": 0.002008365809926008,
          "leakage_n": 27000,
          "leakage_ci_low": 0.33607351804101193,
          "leakage_ci_high": 0.3439732526049575,
          "pct_mut_ge_2": 99.9888888888889,
          "pct_viability_ge_threshold": 0.0,
          "pct_joint_mutation_viability": 0.0,
          "pct_fucci_pass": 100.0,
          "pct_mut_ge_2_ci_low": 99.9673341885201,