{
  "profile": "full",
  "config_source": "/private/tmp/starrage_focus_best_viable.json",
  "assumptions_hash": "c34d3b55e8d23e65bce17efdd4697182d124d784e11c1fe165c2e1c9ba4d236a",
  "thresholds": {
    "viability_threshold": 0.85,
    "fucci_threshold": 2.0,
    "fucci_leakage_cap": 0.45,
    "washout_r2_floor": 0.9,
    "synergy_stability_min": 0.55
  },
  "condition_summary": [
    {
      "tissue": "blood_cd34",
      "donor_age": 25,
      "amplification": 1.5714285714285714,
      "cyclin_throttle": 0.15500000000000003,
      "mutation_reduction_mean": 2.0939029320807925,
      "mutation_reduction_median": 2.093587183037656,
      "mutation_reduction_std": 0.04376025204152717,
      "mutation_reduction_n": 3000,
      "mutation_reduction_ci_low": 2.0050840713923144,
      "mutation_reduction_ci_high": 2.180467290279801,
      "viability_mean": 0.8969766498597525,
      "viability_median": 0.8971493886353505,
      "viability_std": 0.015010333016160582,
      "viability_n": 3000,
      "viability_ci_low": 0.8673483704241025,
      "viability_ci_high": 0.9265539584303977,
      "sphase_fold_mean": 6.3183612990569,
      "sphase_fold_median": 6.313853444882527,
      "sphase_fold_std": 0.2015545651799824,
      "sphase_fold_n": 3000,
      "sphase_fold_ci_low": 5.932106654191592,
      "sphase_fold_ci_high": 6.720384752334398,
      "leakage_mean": 0.3399764695698536,
      "leakage_median": 0.33997885582884846,
      "leakage_std": 0.002035865428391762,
      "leakage_n": 3000,
      "leakage_ci_low": 0.3359413912651097,
      "leakage_ci_high": 0.343742710083713
    },
    {
      "tissue": "blood_cd34",
      "donor_age": 40,
      "amplification": 1.5714285714285714,
      "cyclin_throttle": 0.15500000000000003,
      "mutation_reduction_mean": 2.1143201509935827,
      "mutation_reduction_median": 2.1161650610459573,
      "mutation_reduction_std": 0.04353477577993735,
      "mutation_reduction_n": 3000,
      "mutation_reduction_ci_low": 2.025268965362088,
      "mutation_reduction_ci_high": 2.195605482171956,
      "viability_mean": 0.8977621186797705,
      "viability_median": 0.8979593663794256,
      "viability_std": 0.01463353243255154,
      "viability_n": 3000,
      "viability_ci_low": 0.8686601969918815,
      "viability_ci_high": 0.9265351168557727,
      "sphase_fold_mean": 6.317185679494367,
      "sphase_fold_median": 6.314536191221123,
      "sphase_fold_std": 0.20088316153425492,
      "sphase_fold_n": 3000,
      "sphase_fold_ci_low": 5.9195133939388604,
      "sphase_fold_ci_high": 6.715619264683018,
      "leakage_mean": 0.34003783559644934,
      "leakage_median": 0.34005754568381596,
      "leakage_std": 0.002015607214848973,
      "leakage_n": 3000,
      "leakage_ci_low": 0.3361431585887841,
      "leakage_ci_high": 0.3439130775155408
    },
    {
      "tissue": "blood_cd34",
      "donor_age": 60,
      "amplification": 1.5714285714285714,
      "cyclin_throttle": 0.15500000000000003,
      "mutation_reduction_mean": 2.13790926220614,
      "mutation_reduction_median": 2.139778773388768,
      "mutation_reduction_std": 0.04540763694353809,
      "mutation_reduction_n": 3000,
      "mutation_reduction_ci_low": 2.0468704708715117,
      "mutation_reduction_ci_high": 2.2244990302351435,
      "viability_mean": 0.8974149815103486,
      "viability_median": 0.8975145222493202,
      "viability_std": 0.014735753287425714,
      "viability_n": 3000,
      "viability_ci_low": 0.8695675689367753,
      "viability_ci_high": 0.9266157937681131,
      "sphase_fold_mean": 6.314479054667835,
      "sphase_fold_median": 6.312291044383069,
      "sphase_fold_std": 0.20437366210197225,
      "sphase_fold_n": 3000,
      "sphase_fold_ci_low": 5.9212521624477,
      "sphase_fold_ci_high": 6.710565352811263,
      "leakage_mean": 0.3399245204451189,
      "leakage_median": 0.3399124729204296,
      "leakage_std": 0.0020636060192550034,
      "leakage_n": 3000,
      "leakage_ci_low": 0.3357852899066308,
      "leakage_ci_high": 0.3439475890382105
    },
    {
      "tissue": "gut_lgr5",
      "donor_age": 25,
      "amplification": 1.5714285714285714,
      "cyclin_throttle": 0.15500000000000003,
      "mutation_reduction_mean": 1.846494862206194,
      "mutation_reduction_median": 1.8469196788711297,
      "mutation_reduction_std": 0.04439748183813708,
      "mutation_reduction_n": 3000,
      "mutation_reduction_ci_low": 1.7547308025241783,
      "mutation_reduction_ci_high": 1.9303722651622452,
      "viability_mean": 0.8735812714085437,
      "viability_median": 0.8732377950643823,
      "viability_std": 0.014670425988133938,
      "viability_n": 3000,
      "viability_ci_low": 0.8445394539914707,
      "viability_ci_high": 0.9015609252539191,
      "sphase_fold_mean": 5.8922005177692265,
      "sphase_fold_median": 5.892009042867155,
      "sphase_fold_std": 0.2064254283712495,
      "sphase_fold_n": 3000,
      "sphase_fold_ci_low": 5.495431386506565,
      "sphase_fold_ci_high": 6.301931787371927,
      "leakage_mean": 0.3399645444430078,
      "leakage_median": 0.339982841367239,
      "leakage_std": 0.002022109536603956,
      "leakage_n": 3000,
      "leakage_ci_low": 0.33595391047615075,
      "leakage_ci_high": 0.34383965708276676
    },
    {
      "tissue": "gut_lgr5",
      "donor_age": 40,
      "amplification": 1.5714285714285714,
      "cyclin_throttle": 0.15500000000000003,
      "mutation_reduction_mean": 1.8641249521421732,
      "mutation_reduction_median": 1.8646594220865356,
      "mutation_reduction_std": 0.04508495933691959,
      "mutation_reduction_n": 3000,
      "mutation_reduction_ci_low": 1.7744854826077774,
      "mutation_reduction_ci_high": 1.9518057863188871,
      "viability_mean": 0.8729706818798738,
      "viability_median": 0.8730610586876826,
      "viability_std": 0.014732217966647514,
      "viability_n": 3000,
      "viability_ci_low": 0.844123206444484,
      "viability_ci_high": 0.9010629383879462,
      "sphase_fold_mean": 5.895119346736558,
      "sphase_fold_median": 5.888107275690572,
      "sphase_fold_std": 0.2055303264846563,
      "sphase_fold_n": 3000,
      "sphase_fold_ci_low": 5.4993114872491065,
      "sphase_fold_ci_high": 6.314997239384018,
      "leakage_mean": 0.3399813939161274,
      "leakage_median": 0.33999424175283144,
      "leakage_std": 0.0020138463001574468,
      "leakage_n": 3000,
      "leakage_ci_low": 0.3359584794889921,
      "leakage_ci_high": 0.3439045106701421
    },
    {
      "tissue": "gut_lgr5",
      "donor_age": 60,
      "amplification": 1.5714285714285714,
      "cyclin_throttle": 0.15500000000000003,
      "mutation_reduction_mean": 1.8790770658036242,
      "mutation_reduction_median": 1.880101296900047,
      "mutation_reduction_std": 0.04804596633931101,
      "mutation_reduction_n": 3000,
      "mutation_reduction_ci_low": 1.785465456636376,
      "mutation_reduction_ci_high": 1.9722047349045952,
      "viability_mean": 0.8734843987690137,
      "viability_median": 0.8735817033912783,
      "viability_std": 0.01516495148537641,
      "viability_n": 3000,
      "viability_ci_low": 0.8434532880351973,
      "viability_ci_high": 0.9026957549832065,
      "sphase_fold_mean": 5.890024463261211,
      "sphase_fold_median": 5.888984893799602,
      "sphase_fold_std": 0.2081290010430189,
      "sphase_fold_n": 3000,
      "sphase_fold_ci_low": 5.474532599865031,
      "sphase_fold_ci_high": 6.285197878238021,
      "leakage_mean": 0.3399740056189634,
      "leakage_median": 0.33995066887208253,
      "leakage_std": 0.002020252986421278,
      "leakage_n": 3000,
      "leakage_ci_low": 0.33599115066087715,
      "leakage_ci_high": 0.34406600322369
    },
    {
      "tissue": "skin_stem",
      "donor_age": 25,
      "amplification": 1.5714285714285714,
      "cyclin_throttle": 0.15500000000000003,
      "mutation_reduction_mean": 1.9336302455433907,
      "mutation_reduction_median": 1.934318393732961,