{
  "milestones": {
    "mutation": {
      "pass": false,
      "estimate": null,
      "ci": null,
      "evidence": []
    },
    "fucci": {
      "pass": true,
      "estimate": 6.2216139237700725,
      "ci": [
        5.596629026804951,
        6.765358239203309
      ],
      "evidence": [
        {
          "amplification": 1.5714285714285714,
          "cyclin_throttle": 0.15500000000000003,
          "mutation_reduction_mean": 1.977617593203139,
          "mutation_reduction_median": 1.9564670552620786,
          "mutation_reduction_std": 0.11359836695556585,
          "mutation_reduction_n": 27000,
          "mutation_reduction_ci_low": 1.7946971638074354,
          "mutation_reduction_ci_high": 2.18298726464569,
          "viability_mean": 0.8855465486985465,
          "viability_median": 0.8855950293033783,
          "viability_std": 0.017884899744871608,
          "viability_n": 27000,
          "viability_ci_low": 0.8509181998096448,
          "viability_ci_high": 0.9202838541689441,
          "sphase_fold_mean": 6.2216139237700725,
          "sphase_fold_median": 6.255604581936652,
          "sphase_fold_std": 0.31368869996641513,
          "sphase_fold_n": 27000,
          "sphase_fold_ci_low": 5.596629026804951,
          "sphase_fold_ci_high": 6.765358239203309,
          "leakage_mean": 0.3399806840603835,
          "leakage_median": 0.3399903095510889,
          "leakage_std": 0.0020236527924593854,
          "leakage_n": 27000,
          "leakage_ci_low": 0.3359617495675267,
          "leakage_ci_high": 0.34392071289707254
        }
      ]
    },
    "washout": {
      "pass": false,
      "estimate": null,
      "ci": null,
      "evidence": {
        "passed_rows": [
          {
            "tissue": "gut_lgr5",
            "mark": "on",
            "half_life_mean": 66.08865605399356,
            "half_life_ci_low": 49.76621678209307,
            "half_life_ci_high": 89.50070400586405,
            "half_life_std": 10.182636576590427,
            "r2_mean": 0.9159754461577568,
            "finite_fraction": 1.0
          }
        ],
        "failed_rows": [
          {
            "tissue": "blood_cd34",
            "mark": "off",
            "half_life_mean": 180.88397220951683,
            "half_life_ci_low": 114.37219467999013,
            "half_life_ci_high": 313.0774690398803,
            "half_life_std": 55.81331750256512,
            "r2_mean": 0.716922094892972,
            "finite_fraction": 1.0
          },
          {
            "tissue": "blood_cd34",
            "mark": "on",
            "half_life_mean": 97.10394424014538,
            "half_life_ci_low": 71.6891451706861,
            "half_life_ci_high": 136.81065728985308,
            "half_life_std": 16.64885436305154,
            "r2_mean": 0.8889422091747747,
            "finite_fraction": 1.0
          },
          {
            "tissue": "gut_lgr5",
            "mark": "off",
            "half_life_mean": 125.22327182634896,
            "half_life_ci_low": 82.79647635625011,
            "half_life_ci_high": 205.28497181765198,
            "half_life_std": 32.26390084685787,
            "r2_mean": 0.7627383612131564,
            "finite_fraction": 1.0
          },
          {
            "tissue": "skin_stem",
            "mark": "off",
            "half_life_mean": 189.91510208057898,
            "half_life_ci_low": 123.71120264956872,
            "half_life_ci_high": 324.1072000137111,
            "half_life_std": 53.41670043143854,
            "r2_mean": 0.7449784356807109,
            "finite_fraction": 1.0
          },
          {
            "tissue": "skin_stem",
            "mark": "on",
            "half_life_mean": 112.29819327855094,
            "half_life_ci_low": 83.49289069131203,
            "half_life_ci_high": 158.12667103992948,
            "half_life_std": 19.288075721681547,
            "r2_mean": 0.8866853944889576,
            "finite_fraction": 1.0
          }
        ]
      }
    },
    "synergy": {
      "pass": true,
      "estimate": 1.090227572819026,
      "ci": [
        1.0894805719242975,
        1.0909745737137546
      ],
      "evidence": {
        "has_feasible_optimum": true,
        "best_dose": {
          "amplification": 1.5714285714285714,
          "cyclin_throttle": 0.15500000000000003
        },
        "best_objective": 1.090227572819026,
        "best_objective_ci": [
          1.0894805719242975,
          1.0909745737137546
        ],
        "bootstrap_stability": 1.0,
        "objective_table": [
          {
            "amplification": 1.5714285714285714,
            "cyclin_throttle": 0.15500000000000003,
            "objective_mean": 1.090227572819026,
            "objective_sem": 0.00038112290547377274,
            "synergy_factor": 0.5512833100625835,
            "viability_ci_low": 0.8509181998096448,
            "mutation_reduction_mean": 1.977617593203139
          }
        ]
      }
    }
  },
  "global_tranche1_verdict": false,
  "best_dose_per_tissue": {
    "blood_cd34": {
      "amplification": 1.5714285714285714,
      "cyclin_throttle": 0.15500000000000003,
      "mutation_reduction_mean": 2.1153774484268384,
      "mutation_reduction_ci": [
        2.0204172920124766,
        2.208572116128887
      ],
      "viability_ci_low": 0.8685111884177903,
      "sphase_fold_ci_low": 5.921325709209977,
      "leakage_ci_high": 0.3438816115672536
    },
    "gut_lgr5": {
      "amplification": 1.5714285714285714,
      "cyclin_throttle": 0.15500000000000003,
      "mutation_reduction_mean": 1.8632322933839969,
      "mutation_reduction_ci": [
        1.7691376996142754,
        1.9570319598277666
      ],
      "viability_ci_low": 0.8441046818416371,
      "sphase_fold_ci_low": 5.491325082675427,
      "leakage_ci_high": 0.34392082847495703
    },
    "skin_stem": {
      "amplification": 1.5714285714285714,
      "cyclin_throttle": 0.15500000000000003,
      "mutation_reduction_mean": 1.954243037798581,
      "mutation_reduction_ci": [
        1.877570648057983,
        2.030320434184419
      ],
      "viability_ci_low": 0.8558561877581008,
      "sphase_fold_ci_low": 6.069333578860476,
      "leakage_ci_high": 0.3439658150190191
    }
  },
  "assumptions_hash": "c34d3b55e8d23e65bce17efdd4697182d124d784e11c1fe165c2e1c9ba4d236a",
  "profile": "full"
}