{
  "milestones": {
    "mutation": {
      "pass": false,
      "estimate": null,
      "ci": null,
      "confidence_pct": 37.303703703703704,
      "threshold_margin_pct": -1.1395198918019767,
      "viability_margin_pct_at_best_mutation_dose": 4.157305717427295,
      "explanation": "Within viable dose settings, lower-95 mutation reduction remains below the 2.0 threshold.",
      "evidence": {
        "passing_doses": [],
        "best_feasible_dose": {
          "amplification": 1.5714285714285714,
          "cyclin_throttle": 0.15500000000000003,
          "mutation_reduction_mean": 1.977617593203139,
          "mutation_reduction_median": 1.9564670552620786,
          "mutation_reduction_std": 0.11359836695556585,
          "mutation_reduction_n": 27000,
          "mutation_reduction_ci_low": 1.7946971638074354,
          "mutation_reduction_ci_high": 2.18298726464569,
          "viability_mean": 0.8855465486985465,
          "viability_median": 0.8855950293033783,
          "viability_std": 0.017884899744871608,
          "viability_n": 27000,
          "viability_ci_low": 0.8509181998096448,
          "viability_ci_high": 0.9202838541689441,
          "sphase_fold_mean": 6.2216139237700725,
          "sphase_fold_median": 6.255604581936652,
          "sphase_fold_std": 0.31368869996641513,
          "sphase_fold_n": 27000,
          "sphase_fold_ci_low": 5.596629026804951,
          "sphase_fold_ci_high": 6.765358239203309,
          "leakage_mean": 0.3399806840603835,
          "leakage_median": 0.3399903095510889,
          "leakage_std": 0.0020236527924593854,
          "leakage_n": 27000,
          "leakage_ci_low": 0.3359617495675267,
          "leakage_ci_high": 0.34392071289707254,
          "pct_mut_ge_2": 37.34814814814815,
          "pct_viability_ge_threshold": 97.85925925925926,
          "pct_joint_mutation_viability": 37.303703703703704,
          "pct_fucci_pass": 100.0,
          "pct_mut_ge_2_ci_low": 36.77299696139752,
          "pct_mut_ge_2_ci_high": 37.92689893890095,
          "pct_viability_ge_threshold_ci_low": 97.67968597790997,
          "pct_viability_ge_threshold_ci_high": 98.0252160057971,
          "pct_joint_mutation_viability_ci_low": 36.72869772462812,
          "pct_joint_mutation_viability_ci_high": 37.88232193176039,
          "pct_fucci_pass_ci_low": 99.98577439870343,
          "pct_fucci_pass_ci_high": 100.0,
          "mutation_reduction_hier_mean": 1.977617593203139,
          "mutation_reduction_hier_ci_low": 1.9772096021639605,
          "mutation_reduction_hier_ci_high": 1.9780597869748284,
          "mutation_reduction_hier_n_strata": 9,
          "viability_hier_mean": 0.8855465486985465,
          "viability_hier_ci_low": 0.885337098598132,
          "viability_hier_ci_high": 0.8857256476248406,
          "viability_hier_n_strata": 9,
          "sphase_fold_hier_mean": 6.2216139237700725,
          "sphase_fold_hier_ci_low": 6.219400378595898,
          "sphase_fold_hier_ci_high": 6.223534324878752,
          "sphase_fold_hier_n_strata": 9,
          "leakage_hier_mean": 0.3399806840603836,
          "leakage_hier_ci_low": 0.33995584394079326,
          "leakage_hier_ci_high": 0.34000252084358246,
          "leakage_hier_n_strata": 9
        },
        "best_mutation_dose_any_viability": {
          "amplification": 1.5714285714285714,
          "cyclin_throttle": 0.15500000000000003,
          "mutation_reduction_mean": 1.977617593203139,
          "mutation_reduction_median": 1.9564670552620786,
          "mutation_reduction_std": 0.11359836695556585,
          "mutation_reduction_n": 27000,
          "mutation_reduction_ci_low": 1.7946971638074354,
          "mutation_reduction_ci_high": 2.18298726464569,
          "viability_mean": 0.8855465486985465,
          "viability_median": 0.8855950293033783,
          "viability_std": 0.017884899744871608,
          "viability_n": 27000,
          "viability_ci_low": 0.8509181998096448,
          "viability_ci_high": 0.9202838541689441,
          "sphase_fold_mean": 6.2216139237700725,
          "sphase_fold_median": 6.255604581936652,
          "sphase_fold_std": 0.31368869996641513,
          "sphase_fold_n": 27000,
          "sphase_fold_ci_low": 5.596629026804951,
          "sphase_fold_ci_high": 6.765358239203309,
          "leakage_mean": 0.3399806840603835,
          "leakage_median": 0.3399903095510889,
          "leakage_std": 0.0020236527924593854,
          "leakage_n": 27000,
          "leakage_ci_low": 0.3359617495675267,
          "leakage_ci_high": 0.34392071289707254,
          "pct_mut_ge_2": 37.34814814814815,
          "pct_viability_ge_threshold": 97.85925925925926,
          "pct_joint_mutation_viability": 37.303703703703704,
          "pct_fucci_pass": 100.0,
          "pct_mut_ge_2_ci_low": 36.77299696139752,
          "pct_mut_ge_2_ci_high": 37.92689893890095,
          "pct_viability_ge_threshold_ci_low": 97.67968597790997,
          "pct_viability_ge_threshold_ci_high": 98.0252160057971,
          "pct_joint_mutation_viability_ci_low": 36.72869772462812,
          "pct_joint_mutation_viability_ci_high": 37.88232193176039,
          "pct_fucci_pass_ci_low": 99.98577439870343,
          "pct_fucci_pass_ci_high": 100.0,
          "mutation_reduction_hier_mean": 1.977617593203139,
          "mutation_reduction_hier_ci_low": 1.9772096021639605,
          "mutation_reduction_hier_ci_high": 1.9780597869748284,
          "mutation_reduction_hier_n_strata": 9,
          "viability_hier_mean": 0.8855465486985465,
          "viability_hier_ci_low": 0.885337098598132,
          "viability_hier_ci_high": 0.8857256476248406,
          "viability_hier_n_strata": 9,
          "sphase_fold_hier_mean": 6.2216139237700725,
          "sphase_fold_hier_ci_low": 6.219400378595898,
          "sphase_fold_hier_ci_high": 6.223534324878752,
          "sphase_fold_hier_n_strata": 9,
          "leakage_hier_mean": 0.3399806840603836,
          "leakage_hier_ci_low": 0.33995584394079326,
          "leakage_hier_ci_high": 0.34000252084358246,
          "leakage_hier_n_strata": 9
        }
      }
    },
    "fucci": {
      "pass": true,
      "estimate": 6.2216139237700725,
      "ci": [
        6.219400378595898,
        6.223534324878752
      ],
      "confidence_pct": 100.0,
      "explanation": "S-phase fold and leakage meet thresholds at one or more dose pairs.",
      "evidence": {
        "passing_doses": [
          {
            "amplification": 1.5714285714285714,
            "cyclin_throttle": 0.15500000000000003,
            "mutation_reduction_mean": 1.977617593203139,
            "mutation_reduction_median": 1.9564670552620786,
            "mutation_reduction_std": 0.11359836695556585,
            "mutation_reduction_n": 27000,
            "mutation_reduction_ci_low": 1.7946971638074354,
            "mutation_reduction_ci_high": 2.18298726464569,
            "viability_mean": 0.8855465486985465,
            "viability_median": 0.8855950293033783,
            "viability_std": 0.017884899744871608,
            "viability_n": 27000,
            "viability_ci_low": 0.8509181998096448,
            "viability_ci_high": 0.9202838541689441,
            "sphase_fold_mean": 6.2216139237700725,
            "sphase_fold_median": 6.255604581936652,
            "sphase_fold_std": 0.31368869996641513,
            "sphase_fold_n": 27000,
            "sphase_fold_ci_low": 5.596629026804951,
            "sphase_fold_ci_high": 6.765358239203309,
            "leakage_mean": 0.3399806840603835,
            "leakage_median": 0.3399903095510889,
            "leakage_std": 0.0020236527924593854,
            "leakage_n": 27000,
            "leakage_ci_low": 0.3359617495675267,
            "leakage_ci_high": 0.34392071289707254,
            "pct_mut_ge_2": 37.34814814814815,
            "pct_viability_ge_threshold": 97.85925925925926,
            "pct_joint_mutation_viability": 37.303703703703704,
            "pct_fucci_pass": 100.0,