milestone,pass,confidence_pct,estimate,ci_low,ci_high
mutation,true,52.5,2.098354794150046,2.0964303551889825,2.100318131037495
fucci,true,100.0,4.111742662436163,4.10121285733066,4.122919011125262
washout,false,0.0,0.5384442092937354,0.3407221902601792,0.7105244181769873
synergy,true,100.0,1.1567879766047284,1.1531092701552852,1.1604666830541717
global_tranche1_verdict,false,75.0,,,
